{
    "losses_distributed": [
        [
            1,
            0.1689179264271149
        ],
        [
            2,
            0.29261176033704367
        ],
        [
            3,
            0.1363599069778704
        ],
        [
            4,
            0.1160711564047745
        ],
        [
            5,
            0.20261685451492667
        ],
        [
            6,
            0.10859001550271555
        ],
        [
            7,
            0.09655717027632313
        ],
        [
            8,
            0.09754927092844068
        ],
        [
            9,
            0.08759026503431852
        ],
        [
            10,
            0.1087096201156749
        ],
        [
            11,
            0.09689534700329036
        ],
        [
            12,
            0.22821529227972928
        ],
        [
            13,
            0.08527886064231603
        ],
        [
            14,
            0.0987363947250695
        ],
        [
            15,
            0.10222561810683045
        ],
        [
            16,
            0.04759216488045813
        ],
        [
            17,
            0.06382538118977445
        ],
        [
            18,
            0.060609251432319135
        ],
        [
            19,
            0.09096347859845048
        ],
        [
            20,
            0.04825538204969942
        ]
    ],
    "metrics_distributed": {
        "accuracy": [
            [
                1,
                0.9411111111111111
            ],
            [
                2,
                0.927037037037037
            ],
            [
                3,
                0.967037037037037
            ],
            [
                4,
                0.9703703703703703
            ],
            [
                5,
                0.9544444444444444
            ],
            [
                6,
                0.9744444444444444
            ],
            [
                7,
                0.9703703703703703
            ],
            [
                8,
                0.98
            ],
            [
                9,
                0.9818518518518519
            ],
            [
                10,
                0.977037037037037
            ],
            [
                11,
                0.9825925925925926
            ],
            [
                12,
                0.9711111111111111
            ],
            [
                13,
                0.9811111111111112
            ],
            [
                14,
                0.9803703703703703
            ],
            [
                15,
                0.9722222222222222
            ],
            [
                16,
                0.9874074074074074
            ],
            [
                17,
                0.9837037037037037
            ],
            [
                18,
                0.9840740740740741
            ],
            [
                19,
                0.9833333333333333
            ],
            [
                20,
                0.9885185185185185
            ]
        ],
        "f1_score": [
            [
                1,
                0.8853491354039285
            ],
            [
                2,
                0.8612024224371004
            ],
            [
                3,
                0.9281691824139208
            ],
            [
                4,
                0.941797386831128
            ],
            [
                5,
                0.9125986914035248
            ],
            [
                6,
                0.9420469000598382
            ],
            [
                7,
                0.937298588485227
            ],
            [
                8,
                0.9556853220640606
            ],
            [
                9,
                0.9596945035569803
            ],
            [
                10,
                0.9510037960122236
            ],
            [
                11,
                0.9653335051727411
            ],
            [
                12,
                0.9442265796614351
            ],
            [
                13,
                0.95798858501567
            ],
            [
                14,
                0.95931866281687
            ],
            [
                15,
                0.94426819607698
            ],
            [
                16,
                0.9758601565201814
            ],
            [
                17,
                0.9634174946807124
            ],
            [
                18,
                0.9640134040293972
            ],
            [
                19,
                0.964527421843345
            ],
            [
                20,
                0.9751265858907441
            ]
        ],
        "precision": [
            [
                1,
                0.8751720104278633
            ],
            [
                2,
                0.794189123007279
            ],
            [
                3,
                0.9181568505439908
            ],
            [
                4,
                0.9331393938984464
            ],
            [
                5,
                0.8784166627061163
            ],
            [
                6,
                0.9597555690161594
            ],
            [
                7,
                0.9647913330366746
            ],
            [
                8,
                0.960262407133496
            ],
            [
                9,
                0.9644877099168251
            ],
            [
                10,
                0.977725243765683
            ],
            [
                11,
                0.9536863884484009
            ],
            [
                12,
                0.9207942199619945
            ],
            [
                13,
                0.9570103174499832
            ],
            [
                14,
                0.9653834551967779
            ],
            [
                15,
                0.9746588268042925
            ],
            [
                16,
                0.9711408820417421
            ],
            [
                17,
                0.9757914705730933
            ],
            [
                18,
                0.9842273817739656
            ],
            [
                19,
                0.961946943057517
            ],
            [
                20,
                0.980408197315174
            ]
        ],