{
    "losses_distributed": [
        [
            1,
            0.7842018871174918
        ],
        [
            2,
            0.6883983235005979
        ],
        [
            3,
            0.65035735802518
        ],
        [
            4,
            0.6740199956629012
        ],
        [
            5,
            0.5854352958886712
        ],
        [
            6,
            0.5549081772345084
        ],
        [
            7,
            0.5426272952115094
        ],
        [
            8,
            0.5139572537607617
        ],
        [
            9,
            0.47115998966826333
        ],
        [
            10,
            0.42975439894392536
        ],
        [
            11,
            0.43583456616020866
        ],
        [
            12,
            0.40680644907195257
        ],
        [
            13,
            0.43004671798812016
        ],
        [
            14,
            0.4276324333636849
        ],
        [
            15,
            0.4646351258994805
        ],
        [
            16,
            0.4029071896812982
        ],
        [
            17,
            0.41541970164549574
        ],
        [
            18,
            0.3423147645675474
        ],
        [
            19,
            0.3428156538625006
        ],
        [
            20,
            0.3284872686173077
        ]
    ],
    "metrics_distributed": {
        "accuracy": [
            [
                1,
                0.7981481481481482
            ],
            [
                2,
                0.8203703703703704
            ],
            [
                3,
                0.827037037037037
            ],
            [
                4,
                0.8188888888888889
            ],
            [
                5,
                0.82
            ],
            [
                6,
                0.8325925925925926
            ],
            [
                7,
                0.8440740740740741
            ],
            [
                8,
                0.86
            ],
            [
                9,
                0.8685185185185185
            ],
            [
                10,
                0.8759259259259259
            ],
            [
                11,
                0.8877777777777778
            ],
            [
                12,
                0.8977777777777778
            ],
            [
                13,
                0.8996296296296297
            ],
            [
                14,
                0.9033333333333333
            ],
            [
                15,
                0.8948148148148148
            ],
            [
                16,
                0.9114814814814814
            ],
            [
                17,
                0.902962962962963
            ],
            [
                18,
                0.924074074074074
            ],
            [
                19,
                0.9262962962962963
            ],
            [
                20,
                0.9277777777777778
            ]
        ],
        "f1_score": [
            [
                1,
                0.5266895192191062
            ],
            [
                2,
                0.6120523025005181
            ],
            [
                3,
                0.6472461212929763
            ],
            [
                4,
                0.6566917522754457
            ],
            [
                5,
                0.6434124958098826
            ],
            [
                6,
                0.6654630542210447
            ],
            [
                7,
                0.6849454232077481
            ],
            [
                8,
                0.7408983450929223
            ],
            [
                9,
                0.7669765951678973
            ],
            [
                10,
                0.7620891632628425
            ],
            [
                11,
                0.7956994249403986
            ],
            [
                12,
                0.8084443126329912
            ],
            [
                13,
                0.8229090198093745
            ],
            [
                14,
                0.8255104467201203
            ],
            [
                15,
                0.8288615060700117
            ],
            [
                16,
                0.8404271898843866
            ],
            [
                17,
                0.8295660776446622
            ],
            [
                18,
                0.8648006373393183
            ],
            [
                19,
                0.8621560168939383
            ],
            [
                20,
                0.870648862896444
            ]
        ],
        "precision": [
            [
                1,
                0.631729423085105
            ],
            [
                2,
                0.7034385312554002
            ],
            [
                3,
                0.6485953800440684
            ],
            [
                4,
                0.6489488806953282
            ],
            [
                5,
                0.6661390169933732
            ],
            [
                6,
                0.6566667899038188
            ],
            [
                7,
                0.6519310553646465
            ],
            [
                8,
                0.6953036324982098
            ],
            [
                9,
                0.7053753322660509
            ],
            [
                10,
                0.7514867599685078
            ],
            [
                11,
                0.7306146786545298
            ],
            [
                12,
                0.7488935927582931
            ],
            [
                13,
                0.725966003619175
            ],
            [
                14,
                0.7282893334875767
            ],
            [
                15,
                0.7246833180361145
            ],
            [
                16,
                0.7590814407401996
            ],
            [
                17,
                0.7320936167556551
            ],
            [
                18,
                0.7973240290367011
            ],
            [
                19,
                0.7862624463141682
            ],
            [
                20,
                0.7953187655269744
            ]
        ],