{
    "losses_distributed": [
        [
            1,
            0.25422685591848915
        ],
        [
            2,
            0.23420331280540538
        ],
        [
            3,
            0.11264072249471037
        ],
        [
            4,
            0.09076540577397854
        ],
        [
            5,
            0.10764813608351957
        ],
        [
            6,
            0.09264787570452662
        ],
        [
            7,
            0.10633120522385946
        ],
        [
            8,
            0.10585255633487746
        ],
        [
            9,
            0.07994165168221419
        ],
        [
            10,
            0.07991631038478335
        ],
        [
            11,
            0.061542978101168516
        ],
        [
            12,
            0.06415110617548365
        ],
        [
            13,
            0.05915928088477813
        ],
        [
            14,
            0.08550171432516503
        ],
        [
            15,
            0.07486509940658127
        ],
        [
            16,
            0.06696970937019042
        ],
        [
            17,
            0.08466431534926717
        ],
        [
            18,
            0.07963425441119061
        ],
        [
            19,
            0.10728690645140078
        ],
        [
            20,
            0.047529433908122073
        ]
    ],
    "metrics_distributed": {
        "accuracy": [
            [
                1,
                0.9181481481481482
            ],
            [
                2,
                0.9251851851851852
            ],
            [
                3,
                0.952962962962963
            ],
            [
                4,
                0.9722222222222222
            ],
            [
                5,
                0.9662962962962963
            ],
            [
                6,
                0.9748148148148148
            ],
            [
                7,
                0.9755555555555555
            ],
            [
                8,
                0.9740740740740741
            ],
            [
                9,
                0.9814814814814815
            ],
            [
                10,
                0.9755555555555555
            ],
            [
                11,
                0.9796296296296296
            ],
            [
                12,
                0.9822222222222222
            ],
            [
                13,
                0.9848148148148148
            ],
            [
                14,
                0.9859259259259259
            ],
            [
                15,
                0.9833333333333333
            ],
            [
                16,
                0.9818518518518519
            ],
            [
                17,
                0.977037037037037
            ],
            [
                18,
                0.9825925925925926
            ],
            [
                19,
                0.9729629629629629
            ],
            [
                20,
                0.9877777777777778
            ]
        ],
        "f1_score": [
            [
                1,
                0.8423110804849991
            ],
            [
                2,
                0.8639132978464054
            ],
            [
                3,
                0.910774301745666
            ],
            [
                4,
                0.9424034857486557
            ],
            [
                5,
                0.9301649113898068
            ],
            [
                6,
                0.9451480991846565
            ],
            [
                7,
                0.951656559018917
            ],
            [
                8,
                0.9506848151408972
            ],
            [
                9,
                0.9629795745376439
            ],
            [
                10,
                0.9480510173762545
            ],
            [
                11,
                0.9550808400621056
            ],
            [
                12,
                0.9620962792428667
            ],
            [
                13,
                0.9692078609032898
            ],
            [
                14,
                0.9702711512708002
            ],
            [
                15,
                0.9624864504561984
            ],
            [
                16,
                0.961631676769989
            ],
            [
                17,
                0.9514828308693128
            ],
            [
                18,
                0.964215148858025
            ],
            [
                19,
                0.9423526202328353
            ],
            [
                20,
                0.9718797658941971
            ]
        ],
        "precision": [
            [
                1,
                0.8021911310378228
            ],
            [
                2,
                0.7991451328217135
            ],
            [
                3,
                0.9045403955229819
            ],
            [
                4,
                0.950543301147701
            ],
            [
                5,
                0.9285170010541883
            ],
            [
                6,
                0.948347300019044
            ],
            [
                7,
                0.9399629301123678
            ],
            [
                8,
                0.9272948525875797
            ],
            [
                9,
                0.9531063585542145
            ],
            [
                10,
                0.9519204862436168
            ],
            [
                11,
                0.9795939205847717
            ],
            [
                12,
                0.9529444955536001
            ],
            [
                13,
                0.9641536153968279
            ],
            [
                14,
                0.9789539866676664
            ],
            [
                15,
                0.9716857202448512
            ],
            [
                16,
                0.9875674509362453
            ],
            [
                17,
                0.9545850214493797
            ],
            [
                18,
                0.9602319960274973
            ],
            [
                19,
                0.9215500909705097
            ],
            [
                20,
                0.9813082671233931
            ]
        ],