{
    "losses_distributed": [
        [
            1,
            1.2341766219227401
        ],
        [
            2,
            0.9507389539259451
        ],
        [
            3,
            0.9043492816995692
        ],
        [
            4,
            0.8225710656907823
        ],
        [
            5,
            0.785789752845411
        ],
        [
            6,
            0.8005556950911328
        ],
        [
            7,
            0.7068564363762184
        ],
        [
            8,
            0.7535033661127091
        ],
        [
            9,
            0.8196626132837048
        ],
        [
            10,
            0.7407747768914258
        ],
        [
            11,
            0.7634139230074706
        ],
        [
            12,
            0.7638418689701292
        ],
        [
            13,
            0.5957041001154317
        ],
        [
            14,
            0.5414038397799488
        ],
        [
            15,
            0.5597558633748579
        ],
        [
            16,
            0.5169966750454019
        ],
        [
            17,
            0.6338668824566736
        ],
        [
            18,
            0.4903324079817092
        ],
        [
            19,
            0.5093628542456362
        ],
        [
            20,
            0.5009459098511272
        ]
    ],
    "metrics_distributed": {
        "accuracy": [
            [
                1,
                0.7377777777777778
            ],
            [
                2,
                0.7722222222222223
            ],
            [
                3,
                0.7822222222222223
            ],
            [
                4,
                0.7981481481481482
            ],
            [
                5,
                0.8003703703703704
            ],
            [
                6,
                0.8088888888888889
            ],
            [
                7,
                0.8151851851851852
            ],
            [
                8,
                0.8177777777777778
            ],
            [
                9,
                0.8114814814814815
            ],
            [
                10,
                0.8266666666666667
            ],
            [
                11,
                0.8248148148148148
            ],
            [
                12,
                0.8262962962962963
            ],
            [
                13,
                0.8640740740740741
            ],
            [
                14,
                0.8618518518518519
            ],
            [
                15,
                0.8596296296296296
            ],
            [
                16,
                0.8681481481481481
            ],
            [
                17,
                0.8555555555555555
            ],
            [
                18,
                0.8781481481481481
            ],
            [
                19,
                0.8803703703703704
            ],
            [
                20,
                0.8788888888888889
            ]
        ],
        "f1_score": [
            [
                1,
                0.26544680680052274
            ],
            [
                2,
                0.4646751142001964
            ],
            [
                3,
                0.5164958011523444
            ],
            [
                4,
                0.573808202256045
            ],
            [
                5,
                0.5877921414111015
            ],
            [
                6,
                0.6074032370902749
            ],
            [
                7,
                0.5776185985864345
            ],
            [
                8,
                0.65152954882661
            ],
            [
                9,
                0.661753831581069
            ],
            [
                10,
                0.6665064422097955
            ],
            [
                11,
                0.694545294980402
            ],
            [
                12,
                0.7032246313085809
            ],
            [
                13,
                0.7273484410566673
            ],
            [
                14,
                0.7369888403150203
            ],
            [
                15,
                0.7201145483903344
            ],
            [
                16,
                0.751241190620453
            ],
            [
                17,
                0.7598556762836007
            ],
            [
                18,
                0.7805531808790678
            ],
            [
                19,
                0.7837064653351832
            ],
            [
                20,
                0.789621689297555
            ]
        ],
        "precision": [
            [
                1,
                0.4628606624974911
            ],
            [
                2,
                0.5725178643352224
            ],
            [
                3,
                0.6128351003236763
            ],
            [
                4,
                0.6125439018859785
            ],
            [
                5,
                0.6638915314108679
            ],
            [
                6,
                0.622331280676123
            ],
            [
                7,
                0.6769004060404751
            ],
            [
                8,
                0.6396120248094234
            ],
            [
                9,
                0.6420545782980132
            ],
            [
                10,
                0.6406587638271988
            ],
            [
                11,
                0.6331707796731711
            ],
            [
                12,
                0.6682989979475079
            ],
            [
                13,
                0.7139012642779062
            ],
            [
                14,
                0.7151909913955531
            ],
            [
                15,
                0.71449019190615
            ],
            [
                16,
                0.7069468977022343
            ],
            [
                17,
                0.6804657937565141
            ],
            [
                18,
                0.7418900277796368
            ],
            [
                19,
                0.7117335642035014
            ],
            [
                20,
                0.7241449965639505
            ]
        ],